club_id;name;short_name;abbreviation;city;state;country;color_primary;color_secondary;stadium_name;stadium_capacity;founded_year;reputation
alvorada;Grêmio Recreativo Alvorada;Alvorada;GRA;Alvorada;MG;BRA;#C8102E;#FFFFFF;Estádio do Alvorecer;31000;1908;13
campo-florido;Clube Esportivo Campo Florido;Campo Florido;CEF;Campo Florido;MG;BRA;#FBC02D;#1B5E20;Estádio das Flores;6000;1958;7
ferroviario;Ferroviário Esporte Clube Mantiqueira;Ferroviário;FEM;Mantiqueira;MG;BRA;#8B0000;#F5F5F5;Estádio da Estação;15000;1929;10
jequitiba;Jequitibá Esporte Clube;Jequitibá;JEC;Jequitibá do Norte;MG;BRA;#6A1B9A;#FFFFFF;Estádio do Cerrado;8000;1951;8
mineracao;Mineração Futebol Clube;Mineração;MFC;Itaverde;MG;BRA;#1B5E20;#FFFFFF;Estádio da Mina;18000;1935;11
pedra-branca;Esporte Clube Pedra Branca;Pedra Branca;EPB;Pedra Branca;MG;BRA;#F4F4F4;#2E7D32;Estádio do Pedregal;12000;1947;10
rio-turvo;Associação Desportiva Rio Turvo;Rio Turvo;ART;Rio Turvo;MG;BRA;#0057B8;#FFD100;Estádio Beira-Rio Turvo;13000;1940;10
serra-negra;Esporte Clube Serra Negra;Serra Negra;ECS;Serra Negra de Minas;MG;BRA;#111111;#FFFFFF;Arena da Serra;38000;1921;14
sertanejo;Sertanejo Esporte Clube;Sertanejo;SEC;Bom Sertão;MG;BRA;#795548;#FFFFFF;Estádio do Sertão;5000;1966;6
sete-lagos;Sete Lagos Futebol Clube;Sete Lagos;SLF;Sete Lagos;MG;BRA;#00838F;#FFFFFF;Estádio das Lagoas;9000;1962;7
uniao-operaria;União Operária de Cristalina;União Operária;UOC;Cristalina de Minas;MG;BRA;#F57C00;#111111;Estádio Operário;14000;1933;9
vale-do-ouro;Sociedade Esportiva Vale do Ouro;Vale do Ouro;SVO;Vale do Ouro;MG;BRA;#0B3D91;#F2C200;Estádio Ourão;42000;1912;15
