player_id;GK;DL;DC;DR;WBL;WBR;DM;ML;MC;MR;AML;AMC;AMR;ST
p-000001;20;;;;;;;;;;;;;
p-000002;20;;;;;;;;;;;;;
p-000003;18;;;;;;;;;;;;;
p-000004;;;19;5;;;8;;;;;;;
p-000005;;;20;4;;;7;;;;;;;
p-000006;;;20;8;;;12;;;;;;;
p-000007;;;20;9;;;10;;;;;;;
p-000008;;20;7;;16;;;8;;;;;;
p-000009;;20;5;;14;;;11;;;;;;
p-000010;;;10;20;;15;;;;9;;;;
p-000011;;;7;20;;16;;;;13;;;;
p-000012;;;12;;;;20;;14;;;;;
p-000013;;;11;;;;20;;16;;;;;
p-000014;;;;;;;12;;18;;;11;;
p-000015;;;;;;;10;;20;;;12;;
p-000016;;;;;;;15;;20;;;15;;
p-000017;;;;;;;13;;20;;;13;;
p-000018;;;;;12;;;20;;9;15;;;
p-000019;;;;;;12;;12;;20;;;17;
p-000020;;;;;;;;12;;;20;;12;10
p-000021;;;;;;;;;;16;13;;20;8
p-000022;;;;;;;;;10;;;20;;11
p-000023;;;;;;;;;13;;;18;;13
p-000024;;;;;;;;;;;6;8;;20
p-000025;;;;;;;;;;;9;10;;20
p-000026;;;;;;;;;;;8;6;;20
p-000027;;;;;;;;;;;10;8;;20
p-000028;18;;;;;;;;;;;;;
p-000029;20;;;;;;;;;;;;;
p-000030;20;;;;;;;;;;;;;
p-000031;;;19;9;;;6;;;;;;;
p-000032;;;18;10;;;8;;;;;;;
p-000033;;;20;8;;;8;;;;;;;
p-000034;;;18;5;;;13;;;;;;;
p-000035;;20;10;;14;;;10;;;;;;
p-000036;;20;6;;17;;;10;;;;;;
p-000037;;;5;18;;14;;;;13;;;;
p-000038;;;8;18;;14;;;;8;;;;
p-000039;;;11;;;;18;;14;;;;;
p-000040;;;13;;;;20;;16;;;;;
p-000041;;;;;;;11;;18;;;9;;
p-000042;;;;;;;11;;20;;;13;;
p-000043;;;;;;;10;;18;;;15;;
p-000044;;;;;;;13;;20;;;12;;
p-000045;;;;;10;;;18;;12;14;;;
p-000046;;;;;;11;;10;;18;;;15;
p-000047;;;;;;;;12;;;20;;13;8
p-000048;;;;;;;;;;14;15;;20;12
p-000049;;;;;;;;;11;;;20;;7
p-000050;;;;;;;;;15;;;20;;13
p-000051;;;;;;;;;;;4;8;;20
p-000052;;;;;;;;;;;5;12;;20
p-000053;;;;;;;;;;;5;6;;20
p-000054;;;;;;;;;;;9;8;;18
p-000055;19;;;;;;;;;;;;;
p-000056;20;;;;;;;;;;;;;
p-000057;20;;;;;;;;;;;;;
p-000058;;;19;5;;;8;;;;;;;
p-000059;;;20;6;;;8;;;;;;;
p-000060;;;20;9;;;12;;;;;;;
p-000061;;;19;6;;;12;;;;;;;
p-000062;;20;7;;16;;;8;;;;;;
p-000063;;19;11;;16;;;13;;;;;;
p-000064;;;5;20;;16;;;;10;;;;
p-000065;;;7;20;;15;;;;10;;;;
p-000066;;;6;;;;20;;13;;;;;
p-000067;;;7;;;;20;;15;;;;;
p-000068;;;;;;;16;;20;;;12;;
p-000069;;;;;;;13;;20;;;10;;
p-000070;;;;;;;11;;20;;;9;;
p-000071;;;;;;;13;;19;;;12;;
p-000072;;;;;10;;;20;;6;13;;;
p-000073;;;;;;10;;11;;19;;;13;
p-000074;;;;;;;;17;;;19;;15;11
p-000075;;;;;;;;;;16;14;;20;6
p-000076;;;;;;;;;15;;;20;;13
p-000077;;;;;;;;;10;;;20;;12
p-000078;;;;;;;;;;;7;11;;20
p-000079;;;;;;;;;;;5;8;;20
p-000080;;;;;;;;;;;8;6;;20
p-000081;;;;;;;;;;;7;12;;19
p-000082;20;;;;;;;;;;;;;
p-000083;20;;;;;;;;;;;;;
p-000084;20;;;;;;;;;;;;;
p-000085;;;20;5;;;10;;;;;;;
p-000086;;;20;4;;;13;;;;;;;
p-000087;;;18;4;;;11;;;;;;;
p-000088;;;20;5;;;12;;;;;;;
p-000089;;19;8;;15;;;12;;;;;;
p-000090;;18;6;;16;;;13;;;;;;
p-000091;;;6;20;;16;;;;12;;;;
p-000092;;;6;19;;17;;;;10;;;;
p-000093;;;8;;;;18;;12;;;;;
p-000094;;;13;;;;20;;12;;;;;
p-000095;;;;;;;16;;18;;;12;;
p-000096;;;;;;;10;;20;;;10;;
p-000097;;;;;;;14;;20;;;11;;
p-000098;;;;;;;11;;20;;;10;;
p-000099;;;;;13;;;19;;10;14;;;
p-000100;;;;;;12;;12;;20;;;14;
p-000101;;;;;;;;17;;;20;;12;7
p-000102;;;;;;;;;;17;15;;20;10
p-000103;;;;;;;;;15;;;20;;10
p-000104;;;;;;;;;15;;;20;;11
p-000105;;;;;;;;;;;4;12;;20
p-000106;;;;;;;;;;;7;11;;20
p-000107;;;;;;;;;;;5;8;;20
p-000108;;;;;;;;;;;7;12;;20
p-000109;20;;;;;;;;;;;;;
p-000110;20;;;;;;;;;;;;;
p-000111;20;;;;;;;;;;;;;
p-000112;;;20;7;;;12;;;;;;;
p-000113;;;20;4;;;11;;;;;;;
p-000114;;;20;7;;;11;;;;;;;
p-000115;;;20;10;;;6;;;;;;;
p-000116;;19;6;;15;;;13;;;;;;
p-000117;;18;9;;17;;;9;;;;;;
p-000118;;;11;20;;17;;;;12;;;;
p-000119;;;6;20;;17;;;;11;;;;
p-000120;;;6;;;;19;;13;;;;;
p-000121;;;13;;;;19;;16;;;;;
p-000122;;;;;;;11;;19;;;15;;
p-000123;;;;;;;16;;19;;;11;;
p-000124;;;;;;;12;;19;;;13;;
p-000125;;;;;;;13;;20;;;13;;
p-000126;;;;;11;;;20;;9;14;;;
p-000127;;;;;;11;;11;;20;;;16;
p-000128;;;;;;;;15;;;18;;10;6
p-000129;;;;;;;;;;16;12;;20;11
p-000130;;;;;;;;;12;;;20;;13
p-000131;;;;;;;;;16;;;18;;8
p-000132;;;;;;;;;;;6;12;;19
p-000133;;;;;;;;;;;8;13;;18
p-000134;;;;;;;;;;;5;7;;20
p-000135;;;;;;;;;;;8;12;;20
p-000136;20;;;;;;;;;;;;;
p-000137;20;;;;;;;;;;;;;
p-000138;19;;;;;;;;;;;;;
p-000139;;;19;7;;;13;;;;;;;
p-000140;;;20;4;;;9;;;;;;;
p-000141;;;20;4;;;8;;;;;;;
p-000142;;;20;10;;;11;;;;;;;
p-000143;;20;5;;14;;;10;;;;;;
p-000144;;18;5;;14;;;12;;;;;;
p-000145;;;5;20;;17;;;;12;;;;
p-000146;;;7;20;;14;;;;10;;;;
p-000147;;;9;;;;20;;13;;;;;
p-000148;;;9;;;;18;;13;;;;;
p-000149;;;;;;;11;;20;;;15;;
p-000150;;;;;;;15;;19;;;12;;
p-000151;;;;;;;13;;19;;;12;;
p-000152;;;;;;;16;;20;;;13;;
p-000153;;;;;7;;;18;;7;13;;;
p-000154;;;;;;12;;12;;20;;;17;
p-000155;;;;;;;;12;;;20;;11;8
p-000156;;;;;;;;;;12;14;;20;10
p-000157;;;;;;;;;16;;;20;;11
p-000158;;;;;;;;;10;;;20;;12
p-000159;;;;;;;;;;;10;10;;20
p-000160;;;;;;;;;;;8;6;;18
p-000161;;;;;;;;;;;6;13;;19
p-000162;;;;;;;;;;;7;7;;18
p-000163;20;;;;;;;;;;;;;
p-000164;20;;;;;;;;;;;;;
p-000165;20;;;;;;;;;;;;;
p-000166;;;20;9;;;9;;;;;;;
p-000167;;;20;8;;;10;;;;;;;
p-000168;;;20;6;;;13;;;;;;;
p-000169;;;18;5;;;12;;;;;;;
p-000170;;19;8;;16;;;9;;;;;;
p-000171;;18;5;;17;;;11;;;;;;
p-000172;;;9;18;;16;;;;13;;;;
p-000173;;;7;20;;16;;;;9;;;;
p-000174;;;13;;;;20;;15;;;;;
p-000175;;;8;;;;20;;17;;;;;
p-000176;;;;;;;12;;20;;;11;;
p-000177;;;;;;;11;;20;;;10;;
p-000178;;;;;;;12;;18;;;9;;
p-000179;;;;;;;14;;20;;;9;;
p-000180;;;;;12;;;19;;10;15;;;
p-000181;;;;;;13;;8;;20;;;14;
p-000182;;;;;;;;12;;;19;;11;9
p-000183;;;;;;;;;;15;12;;20;9
p-000184;;;;;;;;;14;;;19;;7
p-000185;;;;;;;;;12;;;19;;10
p-000186;;;;;;;;;;;5;11;;18
p-000187;;;;;;;;;;;8;13;;20
p-000188;;;;;;;;;;;8;11;;20
p-000189;;;;;;;;;;;5;12;;20
p-000190;20;;;;;;;;;;;;;
p-000191;20;;;;;;;;;;;;;
p-000192;18;;;;;;;;;;;;;
p-000193;;;19;9;;;8;;;;;;;
p-000194;;;19;4;;;12;;;;;;;
p-000195;;;20;7;;;8;;;;;;;
p-000196;;;19;7;;;10;;;;;;;
p-000197;;18;8;;16;;;8;;;;;;
p-000198;;18;11;;17;;;13;;;;;;
p-000199;;;11;18;;15;;;;9;;;;
p-000200;;;7;20;;16;;;;9;;;;
p-000201;;;6;;;;20;;13;;;;;
p-000202;;;10;;;;19;;13;;;;;
p-000203;;;;;;;15;;20;;;11;;
p-000204;;;;;;;14;;20;;;13;;
p-000205;;;;;;;10;;20;;;9;;
p-000206;;;;;;;12;;18;;;11;;
p-000207;;;;;10;;;20;;9;16;;;
p-000208;;;;;;7;;10;;19;;;17;
p-000209;;;;;;;;13;;;20;;13;9
p-000210;;;;;;;;;;16;12;;20;10
p-000211;;;;;;;;;15;;;20;;7
p-000212;;;;;;;;;12;;;19;;7
p-000213;;;;;;;;;;;7;7;;20
p-000214;;;;;;;;;;;8;12;;20
p-000215;;;;;;;;;;;9;10;;18
p-000216;;;;;;;;;;;5;9;;20
p-000217;19;;;;;;;;;;;;;
p-000218;20;;;;;;;;;;;;;
p-000219;20;;;;;;;;;;;;;
p-000220;;;20;9;;;6;;;;;;;
p-000221;;;20;9;;;6;;;;;;;
p-000222;;;19;5;;;6;;;;;;;
p-000223;;;18;10;;;9;;;;;;;
p-000224;;18;7;;14;;;11;;;;;;
p-000225;;20;11;;16;;;13;;;;;;
p-000226;;;6;20;;15;;;;10;;;;
p-000227;;;10;19;;15;;;;9;;;;
p-000228;;;7;;;;20;;13;;;;;
p-000229;;;11;;;;20;;17;;;;;
p-000230;;;;;;;10;;20;;;14;;
p-000231;;;;;;;10;;20;;;11;;
p-000232;;;;;;;15;;20;;;10;;
p-000233;;;;;;;12;;18;;;13;;
p-000234;;;;;8;;;18;;11;16;;;
p-000235;;;;;;12;;10;;20;;;14;
p-000236;;;;;;;;17;;;20;;15;9
p-000237;;;;;;;;;;12;13;;20;12
p-000238;;;;;;;;;15;;;20;;13
p-000239;;;;;;;;;10;;;18;;13
p-000240;;;;;;;;;;;10;11;;20
p-000241;;;;;;;;;;;7;11;;20
p-000242;;;;;;;;;;;4;6;;20
p-000243;;;;;;;;;;;5;10;;20
p-000244;20;;;;;;;;;;;;;
p-000245;19;;;;;;;;;;;;;
p-000246;20;;;;;;;;;;;;;
p-000247;;;20;5;;;11;;;;;;;
p-000248;;;20;9;;;13;;;;;;;
p-000249;;;20;6;;;13;;;;;;;
p-000250;;;18;6;;;10;;;;;;;
p-000251;;20;9;;17;;;9;;;;;;
p-000252;;20;6;;15;;;9;;;;;;
p-000253;;;6;20;;17;;;;10;;;;
p-000254;;;6;20;;15;;;;9;;;;
p-000255;;;8;;;;20;;16;;;;;
p-000256;;;13;;;;18;;16;;;;;
p-000257;;;;;;;13;;20;;;9;;
p-000258;;;;;;;13;;19;;;14;;
p-000259;;;;;;;14;;19;;;15;;
p-000260;;;;;;;16;;18;;;10;;
p-000261;;;;;7;;;20;;11;15;;;
p-000262;;;;;;8;;12;;18;;;13;
p-000263;;;;;;;;15;;;18;;15;12
p-000264;;;;;;;;;;16;12;;20;9
p-000265;;;;;;;;;16;;;20;;7
p-000266;;;;;;;;;11;;;18;;9
p-000267;;;;;;;;;;;8;10;;18
p-000268;;;;;;;;;;;6;13;;20
p-000269;;;;;;;;;;;4;11;;18
p-000270;;;;;;;;;;;5;11;;20
p-000271;20;;;;;;;;;;;;;
p-000272;18;;;;;;;;;;;;;
p-000273;18;;;;;;;;;;;;;
p-000274;;;20;6;;;9;;;;;;;
p-000275;;;20;6;;;9;;;;;;;
p-000276;;;18;7;;;13;;;;;;;
p-000277;;;20;8;;;13;;;;;;;
p-000278;;18;10;;16;;;11;;;;;;
p-000279;;19;10;;17;;;10;;;;;;
p-000280;;;8;19;;15;;;;11;;;;
p-000281;;;9;20;;15;;;;11;;;;
p-000282;;;7;;;;20;;15;;;;;
p-000283;;;8;;;;20;;15;;;;;
p-000284;;;;;;;11;;20;;;15;;
p-000285;;;;;;;11;;18;;;12;;
p-000286;;;;;;;10;;20;;;14;;
p-000287;;;;;;;11;;19;;;9;;
p-000288;;;;;9;;;20;;7;15;;;
p-000289;;;;;;8;;11;;20;;;14;
p-000290;;;;;;;;17;;;20;;14;8
p-000291;;;;;;;;;;12;12;;20;8
p-000292;;;;;;;;;11;;;20;;10
p-000293;;;;;;;;;14;;;20;;11
p-000294;;;;;;;;;;;10;8;;20
p-000295;;;;;;;;;;;4;6;;20
p-000296;;;;;;;;;;;10;13;;20
p-000297;;;;;;;;;;;4;11;;18
p-000298;19;;;;;;;;;;;;;
p-000299;20;;;;;;;;;;;;;
p-000300;20;;;;;;;;;;;;;
p-000301;;;20;10;;;10;;;;;;;
p-000302;;;20;4;;;12;;;;;;;
p-000303;;;20;6;;;9;;;;;;;
p-000304;;;20;6;;;8;;;;;;;
p-000305;;20;10;;14;;;9;;;;;;
p-000306;;19;9;;16;;;11;;;;;;
p-000307;;;5;18;;15;;;;11;;;;
p-000308;;;9;20;;17;;;;13;;;;
p-000309;;;10;;;;20;;15;;;;;
p-000310;;;10;;;;18;;16;;;;;
p-000311;;;;;;;14;;18;;;12;;
p-000312;;;;;;;11;;20;;;9;;
p-000313;;;;;;;11;;20;;;13;;
p-000314;;;;;;;13;;18;;;13;;
p-000315;;;;;9;;;20;;7;17;;;
p-000316;;;;;;13;;9;;18;;;16;
p-000317;;;;;;;;14;;;18;;14;7
p-000318;;;;;;;;;;16;12;;20;6
p-000319;;;;;;;;;10;;;20;;10
p-000320;;;;;;;;;14;;;20;;7
p-000321;;;;;;;;;;;6;9;;20
p-000322;;;;;;;;;;;9;6;;19
p-000323;;;;;;;;;;;9;7;;18
p-000324;;;;;;;;;;;9;6;;18
