player_id;club_id;shirt_number;market_value;wage_monthly;currency;contract_expiry
p-000001;vale-do-ouro;1;;;;
p-000002;vale-do-ouro;12;;;;
p-000003;vale-do-ouro;23;;;;
p-000004;vale-do-ouro;4;;;;
p-000005;vale-do-ouro;14;;;;
p-000006;vale-do-ouro;3;;;;
p-000007;vale-do-ouro;15;;;;
p-000008;vale-do-ouro;6;;;;
p-000009;vale-do-ouro;16;;;;
p-000010;vale-do-ouro;2;;;;
p-000011;vale-do-ouro;13;;;;
p-000012;vale-do-ouro;17;;;;
p-000013;vale-do-ouro;5;;;;
p-000014;vale-do-ouro;27;;;;
p-000015;vale-do-ouro;8;;;;
p-000016;vale-do-ouro;20;;;;
p-000017;vale-do-ouro;18;;;;
p-000018;vale-do-ouro;11;;;;
p-000019;vale-do-ouro;25;;;;
p-000020;vale-do-ouro;21;;;;
p-000021;vale-do-ouro;7;;;;
p-000022;vale-do-ouro;22;;;;
p-000023;vale-do-ouro;10;;;;
p-000024;vale-do-ouro;26;;;;
p-000025;vale-do-ouro;24;;;;
p-000026;vale-do-ouro;9;;;;
p-000027;vale-do-ouro;19;;;;
p-000028;serra-negra;1;;;;
p-000029;serra-negra;12;;;;
p-000030;serra-negra;23;;;;
p-000031;serra-negra;4;;;;
p-000032;serra-negra;14;;;;
p-000033;serra-negra;3;;;;
p-000034;serra-negra;15;;;;
p-000035;serra-negra;16;;;;
p-000036;serra-negra;6;;;;
p-000037;serra-negra;2;;;;
p-000038;serra-negra;13;;;;
p-000039;serra-negra;5;;;;
p-000040;serra-negra;17;;;;
p-000041;serra-negra;20;;;;
p-000042;serra-negra;25;;;;
p-000043;serra-negra;8;;;;
p-000044;serra-negra;18;;;;
p-000045;serra-negra;11;;;;
p-000046;serra-negra;7;;;;
p-000047;serra-negra;21;;;;
p-000048;serra-negra;27;;;;
p-000049;serra-negra;10;;;;
p-000050;serra-negra;22;;;;
p-000051;serra-negra;26;;;;
p-000052;serra-negra;9;;;;
p-000053;serra-negra;24;;;;
p-000054;serra-negra;19;;;;
p-000055;alvorada;1;;;;
p-000056;alvorada;27;;;;
p-000057;alvorada;12;;;;
p-000058;alvorada;15;;;;
p-000059;alvorada;3;;;;
p-000060;alvorada;4;;;;
p-000061;alvorada;14;;;;
p-000062;alvorada;6;;;;
p-000063;alvorada;23;;;;
p-000064;alvorada;16;;;;
p-000065;alvorada;2;;;;
p-000066;alvorada;17;;;;
p-000067;alvorada;5;;;;
p-000068;alvorada;18;;;;
p-000069;alvorada;25;;;;
p-000070;alvorada;8;;;;
p-000071;alvorada;20;;;;
p-000072;alvorada;11;;;;
p-000073;alvorada;13;;;;
p-000074;alvorada;21;;;;
p-000075;alvorada;7;;;;
p-000076;alvorada;22;;;;
p-000077;alvorada;10;;;;
p-000078;alvorada;26;;;;
p-000079;alvorada;24;;;;
p-000080;alvorada;9;;;;
p-000081;alvorada;19;;;;
p-000082;mineracao;1;;;;
p-000083;mineracao;12;;;;
p-000084;mineracao;23;;;;
p-000085;mineracao;15;;;;
p-000086;mineracao;4;;;;
p-000087;mineracao;14;;;;
p-000088;mineracao;3;;;;
p-000089;mineracao;16;;;;
p-000090;mineracao;6;;;;
p-000091;mineracao;2;;;;
p-000092;mineracao;24;;;;
p-000093;mineracao;5;;;;
p-000094;mineracao;17;;;;
p-000095;mineracao;20;;;;
p-000096;mineracao;8;;;;
p-000097;mineracao;18;;;;
p-000098;mineracao;25;;;;
p-000099;mineracao;21;;;;
p-000100;mineracao;13;;;;
p-000101;mineracao;11;;;;
p-000102;mineracao;7;;;;
p-000103;mineracao;10;;;;
p-000104;mineracao;22;;;;
p-000105;mineracao;27;;;;
p-000106;mineracao;19;;;;
p-000107;mineracao;26;;;;
p-000108;mineracao;9;;;;
p-000109;ferroviario;12;;;;
p-000110;ferroviario;23;;;;
p-000111;ferroviario;1;;;;
p-000112;ferroviario;4;;;;
p-000113;ferroviario;27;;;;
p-000114;ferroviario;14;;;;
p-000115;ferroviario;3;;;;
p-000116;ferroviario;16;;;;
p-000117;ferroviario;6;;;;
p-000118;ferroviario;2;;;;
p-000119;ferroviario;13;;;;
p-000120;ferroviario;5;;;;
p-000121;ferroviario;17;;;;
p-000122;ferroviario;25;;;;
p-000123;ferroviario;18;;;;
p-000124;ferroviario;8;;;;
p-000125;ferroviario;20;;;;
p-000126;ferroviario;11;;;;
p-000127;ferroviario;7;;;;
p-000128;ferroviario;21;;;;
p-000129;ferroviario;15;;;;
p-000130;ferroviario;10;;;;
p-000131;ferroviario;22;;;;
p-000132;ferroviario;9;;;;
p-000133;ferroviario;19;;;;
p-000134;ferroviario;24;;;;
p-000135;ferroviario;26;;;;
p-000136;rio-turvo;12;;;;
p-000137;rio-turvo;1;;;;
p-000138;rio-turvo;23;;;;
p-000139;rio-turvo;4;;;;
p-000140;rio-turvo;14;;;;
p-000141;rio-turvo;3;;;;
p-000142;rio-turvo;15;;;;
p-000143;rio-turvo;25;;;;
p-000144;rio-turvo;6;;;;
p-000145;rio-turvo;2;;;;
p-000146;rio-turvo;16;;;;
p-000147;rio-turvo;5;;;;
p-000148;rio-turvo;17;;;;
p-000149;rio-turvo;20;;;;
p-000150;rio-turvo;27;;;;
p-000151;rio-turvo;18;;;;
p-000152;rio-turvo;8;;;;
p-000153;rio-turvo;11;;;;
p-000154;rio-turvo;13;;;;
p-000155;rio-turvo;21;;;;
p-000156;rio-turvo;7;;;;
p-000157;rio-turvo;10;;;;
p-000158;rio-turvo;22;;;;
p-000159;rio-turvo;19;;;;
p-000160;rio-turvo;24;;;;
p-000161;rio-turvo;26;;;;
p-000162;rio-turvo;9;;;;
p-000163;pedra-branca;23;;;;
p-000164;pedra-branca;12;;;;
p-000165;pedra-branca;1;;;;
p-000166;pedra-branca;15;;;;
p-000167;pedra-branca;3;;;;
p-000168;pedra-branca;21;;;;
p-000169;pedra-branca;4;;;;
p-000170;pedra-branca;16;;;;
p-000171;pedra-branca;6;;;;
p-000172;pedra-branca;2;;;;
p-000173;pedra-branca;14;;;;
p-000174;pedra-branca;5;;;;
p-000175;pedra-branca;17;;;;
p-000176;pedra-branca;20;;;;
p-000177;pedra-branca;8;;;;
p-000178;pedra-branca;27;;;;
p-000179;pedra-branca;18;;;;
p-000180;pedra-branca;11;;;;
p-000181;pedra-branca;13;;;;
p-000182;pedra-branca;25;;;;
p-000183;pedra-branca;7;;;;
p-000184;pedra-branca;22;;;;
p-000185;pedra-branca;10;;;;
p-000186;pedra-branca;24;;;;
p-000187;pedra-branca;9;;;;
p-000188;pedra-branca;26;;;;
p-000189;pedra-branca;19;;;;
p-000190;uniao-operaria;12;;;;
p-000191;uniao-operaria;1;;;;
p-000192;uniao-operaria;23;;;;
p-000193;uniao-operaria;15;;;;
p-000194;uniao-operaria;4;;;;
p-000195;uniao-operaria;14;;;;
p-000196;uniao-operaria;3;;;;
p-000197;uniao-operaria;6;;;;
p-000198;uniao-operaria;16;;;;
p-000199;uniao-operaria;2;;;;
p-000200;uniao-operaria;13;;;;
p-000201;uniao-operaria;17;;;;
p-000202;uniao-operaria;5;;;;
p-000203;uniao-operaria;20;;;;
p-000204;uniao-operaria;25;;;;
p-000205;uniao-operaria;8;;;;
p-000206;uniao-operaria;18;;;;
p-000207;uniao-operaria;11;;;;
p-000208;uniao-operaria;7;;;;
p-000209;uniao-operaria;21;;;;
p-000210;uniao-operaria;27;;;;
p-000211;uniao-operaria;22;;;;
p-000212;uniao-operaria;10;;;;
p-000213;uniao-operaria;9;;;;
p-000214;uniao-operaria;24;;;;
p-000215;uniao-operaria;26;;;;
p-000216;uniao-operaria;19;;;;
p-000217;jequitiba;23;;;;
p-000218;jequitiba;12;;;;
p-000219;jequitiba;1;;;;
p-000220;jequitiba;27;;;;
p-000221;jequitiba;4;;;;
p-000222;jequitiba;14;;;;
p-000223;jequitiba;3;;;;
p-000224;jequitiba;16;;;;
p-000225;jequitiba;6;;;;
p-000226;jequitiba;2;;;;
p-000227;jequitiba;13;;;;
p-000228;jequitiba;17;;;;
p-000229;jequitiba;5;;;;
p-000230;jequitiba;8;;;;
p-000231;jequitiba;25;;;;
p-000232;jequitiba;18;;;;
p-000233;jequitiba;20;;;;
p-000234;jequitiba;11;;;;
p-000235;jequitiba;7;;;;
p-000236;jequitiba;21;;;;
p-000237;jequitiba;19;;;;
p-000238;jequitiba;22;;;;
p-000239;jequitiba;10;;;;
p-000240;jequitiba;24;;;;
p-000241;jequitiba;26;;;;
p-000242;jequitiba;15;;;;
p-000243;jequitiba;9;;;;
p-000244;sete-lagos;12;;;;
p-000245;sete-lagos;23;;;;
p-000246;sete-lagos;1;;;;
p-000247;sete-lagos;14;;;;
p-000248;sete-lagos;3;;;;
p-000249;sete-lagos;4;;;;
p-000250;sete-lagos;15;;;;
p-000251;sete-lagos;16;;;;
p-000252;sete-lagos;6;;;;
p-000253;sete-lagos;2;;;;
p-000254;sete-lagos;25;;;;
p-000255;sete-lagos;17;;;;
p-000256;sete-lagos;5;;;;
p-000257;sete-lagos;18;;;;
p-000258;sete-lagos;20;;;;
p-000259;sete-lagos;27;;;;
p-000260;sete-lagos;8;;;;
p-000261;sete-lagos;13;;;;
p-000262;sete-lagos;7;;;;
p-000263;sete-lagos;11;;;;
p-000264;sete-lagos;19;;;;
p-000265;sete-lagos;10;;;;
p-000266;sete-lagos;22;;;;
p-000267;sete-lagos;21;;;;
p-000268;sete-lagos;26;;;;
p-000269;sete-lagos;24;;;;
p-000270;sete-lagos;9;;;;
p-000271;campo-florido;12;;;;
p-000272;campo-florido;1;;;;
p-000273;campo-florido;23;;;;
p-000274;campo-florido;15;;;;
p-000275;campo-florido;14;;;;
p-000276;campo-florido;3;;;;
p-000277;campo-florido;4;;;;
p-000278;campo-florido;27;;;;
p-000279;campo-florido;6;;;;
p-000280;campo-florido;16;;;;
p-000281;campo-florido;2;;;;
p-000282;campo-florido;5;;;;
p-000283;campo-florido;17;;;;
p-000284;campo-florido;25;;;;
p-000285;campo-florido;8;;;;
p-000286;campo-florido;18;;;;
p-000287;campo-florido;20;;;;
p-000288;campo-florido;21;;;;
p-000289;campo-florido;13;;;;
p-000290;campo-florido;11;;;;
p-000291;campo-florido;7;;;;
p-000292;campo-florido;22;;;;
p-000293;campo-florido;10;;;;
p-000294;campo-florido;9;;;;
p-000295;campo-florido;24;;;;
p-000296;campo-florido;26;;;;
p-000297;campo-florido;19;;;;
p-000298;sertanejo;1;;;;
p-000299;sertanejo;23;;;;
p-000300;sertanejo;12;;;;
p-000301;sertanejo;3;;;;
p-000302;sertanejo;4;;;;
p-000303;sertanejo;27;;;;
p-000304;sertanejo;15;;;;
p-000305;sertanejo;16;;;;
p-000306;sertanejo;6;;;;
p-000307;sertanejo;2;;;;
p-000308;sertanejo;14;;;;
p-000309;sertanejo;5;;;;
p-000310;sertanejo;17;;;;
p-000311;sertanejo;20;;;;
p-000312;sertanejo;25;;;;
p-000313;sertanejo;8;;;;
p-000314;sertanejo;18;;;;
p-000315;sertanejo;11;;;;
p-000316;sertanejo;13;;;;
p-000317;sertanejo;21;;;;
p-000318;sertanejo;7;;;;
p-000319;sertanejo;10;;;;
p-000320;sertanejo;22;;;;
p-000321;sertanejo;9;;;;
p-000322;sertanejo;26;;;;
p-000323;sertanejo;24;;;;
p-000324;sertanejo;19;;;;
