formation;slot;position;x_m;y_m
4-4-2;0;GK;5;34
4-4-2;1;DL;30;8
4-4-2;2;DC;26;25
4-4-2;3;DC;26;43
4-4-2;4;DR;30;60
4-4-2;5;ML;52;9
4-4-2;6;MC;48;27
4-4-2;7;MC;48;41
4-4-2;8;MR;52;59
4-4-2;9;ST;70;28
4-4-2;10;ST;70;40
4-3-3;0;GK;5;34
4-3-3;1;DL;30;8
4-3-3;2;DC;26;25
4-3-3;3;DC;26;43
4-3-3;4;DR;30;60
4-3-3;5;DM;40;34
4-3-3;6;MC;50;24
4-3-3;7;MC;50;44
4-3-3;8;AML;66;10
4-3-3;9;ST;72;34
4-3-3;10;AMR;66;58
4-2-3-1;0;GK;5;34
4-2-3-1;1;DL;30;8
4-2-3-1;2;DC;26;25
4-2-3-1;3;DC;26;43
4-2-3-1;4;DR;30;60
4-2-3-1;5;DM;40;27
4-2-3-1;6;DM;40;41
4-2-3-1;7;AML;60;10
4-2-3-1;8;AMC;60;34
4-2-3-1;9;AMR;60;58
4-2-3-1;10;ST;72;34
3-5-2;0;GK;5;34
3-5-2;1;DC;26;20
3-5-2;2;DC;24;34
3-5-2;3;DC;26;48
3-5-2;4;WBL;44;6
3-5-2;5;DM;40;34
3-5-2;6;MC;50;24
3-5-2;7;MC;50;44
3-5-2;8;WBR;44;62
3-5-2;9;ST;70;28
3-5-2;10;ST;70;40
5-3-2;0;GK;5;34
5-3-2;1;WBL;30;6
5-3-2;2;DC;24;20
5-3-2;3;DC;22;34
5-3-2;4;DC;24;48
5-3-2;5;WBR;30;62
5-3-2;6;MC;46;22
5-3-2;7;MC;44;34
5-3-2;8;MC;46;46
5-3-2;9;ST;68;28
5-3-2;10;ST;68;40
