code;name_pt;confederation
ARG;Argentina;CONMEBOL
BOL;Bolívia;CONMEBOL
BRA;Brasil;CONMEBOL
CHI;Chile;CONMEBOL
COL;Colômbia;CONMEBOL
ECU;Equador;CONMEBOL
PAR;Paraguai;CONMEBOL
PER;Peru;CONMEBOL
URU;Uruguai;CONMEBOL
VEN;Venezuela;CONMEBOL
ALB;Albânia;UEFA
AUT;Áustria;UEFA
BEL;Bélgica;UEFA
BIH;Bósnia e Herzegovina;UEFA
BUL;Bulgária;UEFA
CRO;Croácia;UEFA
CZE;Tchéquia;UEFA
DEN;Dinamarca;UEFA
ENG;Inglaterra;UEFA
ESP;Espanha;UEFA
FIN;Finlândia;UEFA
FRA;França;UEFA
GER;Alemanha;UEFA
GRE;Grécia;UEFA
HUN;Hungria;UEFA
IRL;Irlanda;UEFA
ISL;Islândia;UEFA
ITA;Itália;UEFA
NED;Holanda;UEFA
NIR;Irlanda do Norte;UEFA
NOR;Noruega;UEFA
POL;Polônia;UEFA
POR;Portugal;UEFA
ROU;Romênia;UEFA
RUS;Rússia;UEFA
SCO;Escócia;UEFA
SRB;Sérvia;UEFA
SUI;Suíça;UEFA
SVK;Eslováquia;UEFA
SVN;Eslovênia;UEFA
SWE;Suécia;UEFA
TUR;Turquia;UEFA
UKR;Ucrânia;UEFA
WAL;País de Gales;UEFA
CAN;Canadá;CONCACAF
CRC;Costa Rica;CONCACAF
HON;Honduras;CONCACAF
JAM;Jamaica;CONCACAF
MEX;México;CONCACAF
PAN;Panamá;CONCACAF
USA;Estados Unidos;CONCACAF
ALG;Argélia;CAF
ANG;Angola;CAF
CMR;Camarões;CAF
CIV;Costa do Marfim;CAF
EGY;Egito;CAF
GHA;Gana;CAF
MAR;Marrocos;CAF
MOZ;Moçambique;CAF
NGA;Nigéria;CAF
SEN;Senegal;CAF
TUN;Tunísia;CAF
CPV;Cabo Verde;CAF
AUS;Austrália;AFC
CHN;China;AFC
IRN;Irã;AFC
JPN;Japão;AFC
KOR;Coreia do Sul;AFC
KSA;Arábia Saudita;AFC
QAT;Catar;AFC
UAE;Emirados Árabes Unidos;AFC
