position;attribute;weight
GK;reflexes;3
GK;handling;2
GK;one_on_ones;2
GK;aerial_reach;1.5
GK;command_of_area;1.5
GK;positioning;1.5
GK;communication;1
GK;concentration;1
GK;kicking;0.5
GK;rushing_out;0.5
GK;agility;1
DC;tackling;2
DC;marking;2
DC;positioning;2
DC;heading;1.5
DC;jumping_reach;1.5
DC;strength;1
DC;anticipation;1
DC;concentration;1
DC;bravery;1
DC;pace;0.5
DC;decisions;0.5
DC;composure;0.5
DL;tackling;1.5
DL;marking;1.5
DL;positioning;1.5
DL;pace;1.5
DL;acceleration;1
DL;stamina;1
DL;work_rate;1
DL;crossing;1
DL;anticipation;1
DL;concentration;0.5
DL;passing;0.5
DL;teamwork;0.5
WBL;crossing;1.5
WBL;pace;1.5
WBL;stamina;1.5
WBL;work_rate;1.5
WBL;acceleration;1
WBL;dribbling;1
WBL;tackling;1
WBL;off_the_ball;1
WBL;teamwork;1
WBL;passing;0.5
WBL;technique;0.5
WBL;marking;0.5
DM;tackling;1.5
DM;positioning;1.5
DM;anticipation;1.5
DM;passing;1.5
DM;decisions;1
DM;teamwork;1
DM;work_rate;1
DM;marking;1
DM;concentration;1
DM;composure;0.5
DM;strength;0.5
DM;stamina;0.5
MC;passing;2
MC;decisions;1.5
MC;vision;1.5
MC;first_touch;1
MC;technique;1
MC;teamwork;1
MC;work_rate;1
MC;stamina;1
MC;composure;1
MC;anticipation;0.5
MC;off_the_ball;0.5
MC;tackling;0.5
ML;crossing;1.5
ML;dribbling;1.5
ML;pace;1.5
ML;acceleration;1
ML;passing;1
ML;technique;1
ML;work_rate;1
ML;stamina;1
ML;off_the_ball;1
ML;teamwork;0.5
ML;first_touch;0.5
AMC;passing;1.5
AMC;vision;1.5
AMC;technique;1.5
AMC;first_touch;1
AMC;dribbling;1
AMC;flair;1
AMC;decisions;1
AMC;off_the_ball;1
AMC;composure;1
AMC;long_shots;0.5
AMC;finishing;0.5
AMC;agility;0.5
AML;dribbling;2
AML;pace;1.5
AML;acceleration;1.5
AML;technique;1
AML;crossing;1
AML;flair;1
AML;off_the_ball;1
AML;first_touch;1
AML;agility;1
AML;finishing;0.5
AML;balance;0.5
ST;finishing;2.5
ST;off_the_ball;1.5
ST;composure;1.5
ST;first_touch;1
ST;anticipation;1
ST;pace;1
ST;acceleration;1
ST;heading;1
ST;strength;0.5
ST;dribbling;0.5
ST;technique;0.5
ST;balance;0.5
